{"cameraMode":{"drawMode":0,"name":"Shaded","section":"Shading Mode"},"sceneLighting":false,"audioPlay":false,"sceneViewState":{"m_AlwaysRefresh":false,"showFog":true,"showSkybox":false,"showFlares":true,"showImageEffects":true,"showParticleSystems":true,"showVisualEffectGraphs":true,"m_FxEnabled":true},"in2DMode":false,"pivot":{"x":-0.033226292580366138,"y":-3.32161283493042,"z":3.6075024604797365},"rotation":{"x":0.341858834028244,"y":-0.005639354232698679,"z":0.0020495944190770389,"w":0.9397381544113159},"size":3.118070363998413,"orthographic":false}