{"cameraMode":{"drawMode":0,"name":"Shaded","section":"Shading Mode"},"sceneLighting":false,"audioPlay":false,"sceneViewState":{"m_AlwaysRefresh":false,"showFog":true,"showSkybox":false,"showFlares":true,"showImageEffects":true,"showParticleSystems":true,"showVisualEffectGraphs":true,"m_FxEnabled":true},"in2DMode":false,"pivot":{"x":5.960464477539063e-8,"y":0.499500036239624,"z":-5.960464477539063e-8},"rotation":{"x":-0.0027963172178715469,"y":0.9917920231819153,"z":-0.12594348192214967,"w":-0.022020485252141954},"size":0.7714275121688843,"orthographic":false}