{"cameraMode":{"drawMode":0,"name":"Shaded","section":"Shading Mode"},"sceneLighting":false,"audioPlay":false,"sceneViewState":{"m_AlwaysRefresh":false,"showFog":true,"showSkybox":false,"showFlares":true,"showImageEffects":true,"showParticleSystems":true,"showVisualEffectGraphs":true,"m_FxEnabled":true},"in2DMode":false,"pivot":{"x":5.960464477539063e-8,"y":0.499500036239624,"z":-5.960464477539063e-8},"rotation":{"x":0.013361610472202301,"y":0.14260095357894898,"z":-0.001925259013660252,"w":0.9896888136863709},"size":0.7714275121688843,"orthographic":false}