{"cameraMode":{"drawMode":0,"name":"Shaded","section":"Shading Mode"},"sceneLighting":false,"audioPlay":false,"sceneViewState":{"m_AlwaysRefresh":false,"showFog":true,"showSkybox":false,"showFlares":true,"showImageEffects":true,"showParticleSystems":true,"showVisualEffectGraphs":true,"m_FxEnabled":true},"in2DMode":false,"pivot":{"x":656.1859741210938,"y":368.67694091796877,"z":270.89801025390627},"rotation":{"x":-0.0027963172178715469,"y":0.9917920231819153,"z":-0.12594348192214967,"w":-0.022020485252141954},"size":0.8803920149803162,"orthographic":false}