{"cameraMode":{"drawMode":0,"name":"Shaded","section":"Shading Mode"},"sceneLighting":false,"audioPlay":false,"sceneViewState":{"m_AlwaysRefresh":false,"showFog":true,"showSkybox":false,"showFlares":true,"showImageEffects":true,"showParticleSystems":true,"showVisualEffectGraphs":true,"m_FxEnabled":true},"in2DMode":false,"pivot":{"x":5.960464477539063e-8,"y":0.499500036239624,"z":-5.960464477539063e-8},"rotation":{"x":0.41746824979782107,"y":0.05174502357840538,"z":-0.023832371458411218,"w":0.906923234462738},"size":0.7714275121688843,"orthographic":false}